"repeat_idx","fold","a_1->2","HR_1->2_sex","beta_1->2_sex","beta_lower_1->2_sex","beta_upper_1->2_sex","HR_1->2_htn_baseline","beta_1->2_htn_baseline","beta_lower_1->2_htn_baseline","beta_upper_1->2_htn_baseline","a_2->3","HR_2->3_sex","beta_2->3_sex","beta_lower_2->3_sex","beta_upper_2->3_sex","HR_2->3_htn_baseline","beta_2->3_htn_baseline","beta_lower_2->3_htn_baseline","beta_upper_2->3_htn_baseline","a_3->4","HR_3->4_sex","beta_3->4_sex","beta_lower_3->4_sex","beta_upper_3->4_sex","HR_3->4_htn_baseline","beta_3->4_htn_baseline","beta_lower_3->4_htn_baseline","beta_upper_3->4_htn_baseline","a_4->5","HR_4->5_sex","beta_4->5_sex","beta_lower_4->5_sex","beta_upper_4->5_sex","HR_4->5_htn_baseline","beta_4->5_htn_baseline","beta_lower_4->5_htn_baseline","beta_upper_4->5_htn_baseline","a_1->6","HR_1->6_sex","beta_1->6_sex","beta_lower_1->6_sex","beta_upper_1->6_sex","HR_1->6_htn_baseline","beta_1->6_htn_baseline","beta_lower_1->6_htn_baseline","beta_upper_1->6_htn_baseline","a_2->6","HR_2->6_sex","beta_2->6_sex","beta_lower_2->6_sex","beta_upper_2->6_sex","HR_2->6_htn_baseline","beta_2->6_htn_baseline","beta_lower_2->6_htn_baseline","beta_upper_2->6_htn_baseline","a_3->6","HR_3->6_sex","beta_3->6_sex","beta_lower_3->6_sex","beta_upper_3->6_sex","HR_3->6_htn_baseline","beta_3->6_htn_baseline","beta_lower_3->6_htn_baseline","beta_upper_3->6_htn_baseline","a_4->6","HR_4->6_sex","beta_4->6_sex","beta_lower_4->6_sex","beta_upper_4->6_sex","HR_4->6_htn_baseline","beta_4->6_htn_baseline","beta_lower_4->6_htn_baseline","beta_upper_4->6_htn_baseline","a_5->6","HR_5->6_sex","beta_5->6_sex","beta_lower_5->6_sex","beta_upper_5->6_sex","HR_5->6_htn_baseline","beta_5->6_htn_baseline","beta_lower_5->6_htn_baseline","beta_upper_5->6_htn_baseline"
"1","1",0.542547394571331,0.994229141398125,-0.00578757434686552,-0.0620767282276566,0.0505015795339255,0.663007372117724,-0.410969169525177,-0.490491104907123,-0.33144723414323,0.16783119687101,1.1103481584352,0.104673622392331,0.0562809640544567,0.153066280730205,0.974386815953678,-0.0259469125432485,-0.0935779404579298,0.0416841153714328,0.195408754684371,1.26410003775049,0.234360436382909,0.186917557826563,0.281803314939254,1.06419628993829,0.0622198569292644,-0.0078052142375598,0.132244928096089,0.299919782971204,1.15612268786918,0.145071895993369,0.0986683703521147,0.191475421634623,3.67435267526829,1.3013769743657,1.23153590719995,1.37121804153145,0.00196727650420336,1.29299639199549,0.256962309372439,-0.0743354654628546,0.588260084207733,5.61111950614344,1.72475025508835,0.476729142326794,2.97277136784991,0.0152026111440373,1.30511821639117,0.266293623944802,0.0929488732919619,0.439638374597642,0.785212811118355,-0.241800500973814,-0.462619318890751,-0.0209816830568785,0.0197844064789575,1.42345499812894,0.353087013698439,0.185874441824119,0.520299585572759,0.814703982594116,-0.204930443259525,-0.426286860421628,0.0164259739025782,0.0168227628389232,1.75605512759984,0.563069888569717,0.285482834200996,0.840656942938439,1.58239667814058,0.458940582630179,0.167402271473637,0.75047889378672,0.0716769389520532,1.27184752012598,0.240470583617661,0.173104414866891,0.307836752368431,1.14880682529374,0.138723860531765,0.038945730823591,0.238501990239938
"1","2",0.548341469542789,1.01203238337829,0.0119605697389713,-0.0443785819010469,0.0682997213789896,0.641058527429474,-0.44463451978741,-0.524538971113031,-0.364730068461788,0.161359568461681,1.1463545795866,0.136586976707326,0.0876807708310339,0.185493182583618,0.978412397274896,-0.0218240237216495,-0.0897932273631934,0.0461451799198942,0.191077353167532,1.2579774170516,0.229505206647801,0.181799248674749,0.277211164620854,1.09937217726556,0.0947392689253205,0.0246409764857178,0.164837561364923,0.300586220937294,1.08163842542315,0.0784769521392228,0.0318113404143519,0.125142563864094,3.70719953969983,1.31027675053213,1.23985719480495,1.38069630625932,0.00100261005734832,1.54311203832983,0.433801181457778,0.105909956662926,0.761692406252629,10.6281742555336,2.36350842365453,0.72531010534476,4.00170674196431,0.0158043143912827,1.19191519582674,0.175561421671617,0.00480398843339536,0.346318854909839,0.804482858269956,-0.217555620085645,-0.438163487026474,0.00305224685518338,0.0199789619886536,1.42731281178387,0.35579352385086,0.184810495339146,0.526776552362574,0.778052678070886,-0.250961047493255,-0.469591861606218,-0.0323302333802923,0.0175040738035295,1.65581090950909,0.504290864364401,0.240328138858259,0.768253589870543,1.72542911118251,0.545475779653461,0.262996006479561,0.82795555282736,0.0757858989911229,1.24530040115101,0.219376786876938,0.152364734411539,0.286388839342336,1.10572041511051,0.100497081912556,0.00189538155409285,0.19909878227102
"1","3",0.538286304302232,1.01367962644774,0.0135869049974213,-0.043175558841028,0.0703493688358704,0.665868789448898,-0.406662640690819,-0.486816020920077,-0.326509260461561,0.165501520049875,1.10439020524837,0.0992933321902495,0.0507655579656632,0.147821106414836,0.986218824051373,-0.0138770179159768,-0.0813626355931809,0.0536085997612273,0.190336947581901,1.26292674620251,0.233431841846639,0.185992579524313,0.280871104168966,1.10386169784915,0.0988146663201371,0.0281758908188931,0.169453441821381,0.268605038029085,1.22723186434153,0.204761116369984,0.158528860348448,0.250993372391519,3.95656070859579,1.3753751399645,1.30463509926812,1.44611518066089,0.00123995235262224,1.26183757043537,0.232569047781048,-0.0923595864216872,0.557497681983782,9.48524949944374,2.24973790767399,0.497802131935603,4.00167368341238,0.0156026417238937,1.21043676231776,0.190981255071237,0.0144810743928139,0.36748143574966,0.755545813361655,-0.28031485931745,-0.502237190495435,-0.0583925281394656,0.0216320023605874,1.39053124618352,0.329685865624969,0.160243023376547,0.499128707873391,0.720863426345811,-0.327305582183855,-0.541905394330566,-0.112705770037144,0.0154068688141526,1.9272448664663,0.656091452696301,0.385705791454651,0.926477113937951,1.74365717786232,0.555984733837264,0.271515282239978,0.84045418543455,0.0776197796794997,1.20777591605975,0.188780582354842,0.122438799029008,0.255122365680676,1.0983682763794,0.0938256933897583,-0.00528579209694445,0.192937178876461
"1","4",0.547911956844547,1.02254605067175,0.022295645252453,-0.0338857387638201,0.0784770292687261,0.652350164553045,-0.42717379902385,-0.508231662722486,-0.346115935325213,0.17235218365606,1.11756661519955,0.111153656645748,0.0625130267399676,0.159794286551529,0.926733583879111,-0.0760891507535991,-0.1435321572927,-0.00864614421449778,0.200156693341025,1.23287092409542,0.209345534270474,0.161808501845028,0.256882566695919,1.06088241118524,0.0591010252008162,-0.0106573301821845,0.128859380583817,0.290636841029163,1.13217764191417,0.124142894955174,0.0777014217610387,0.17058436814931,3.6779133741678,1.30234557347622,1.23249993023825,1.37219121671419,0.00134605017077512,1.43637503012229,0.36212259956671,0.025055849879969,0.69918934925345,7.64445288791851,2.03398027212669,0.497571985532974,3.57038855872041,0.0138599485055717,1.26177466287832,0.232519192612145,0.0597920830225138,0.405246302201776,0.889203095779576,-0.11742961536467,-0.35123859424969,0.11637936352035,0.0216431544672272,1.50110536784349,0.406201748617573,0.234834775462797,0.57756872177235,0.687005006876069,-0.375413698757132,-0.586949251446505,-0.163878146067759,0.0161511584603168,1.82680321864456,0.60256756423024,0.332917525242124,0.872217603218356,1.69074564872293,0.525169643891563,0.243265539394649,0.807073748388476,0.0723434318545387,1.21380065570199,0.193756474625428,0.127409136335819,0.260103812915037,1.18583098415645,0.17044378127718,0.0700941445340266,0.270793418020334
"1","5",0.53503454297869,1.01497090613429,0.014859948175825,-0.0420487736270792,0.071768669978729,0.663457591971706,-0.410290342894306,-0.49057654613381,-0.330004139654802,0.16581139560602,1.12712867206357,0.119673400735316,0.0711948380982908,0.168151963372341,0.968997303564675,-0.0314934497942362,-0.0992011725800359,0.0362142729915636,0.186520286827931,1.25424421809835,0.226533174523761,0.178973226963485,0.274093122084037,1.13721283302469,0.128580385487181,0.057986240318949,0.199174530655413,0.28455453295915,1.12124579478312,0.114440383911702,0.0679642207059573,0.160916547117447,3.82066869559358,1.34042545850132,1.26923626746287,1.41161464953977,0.0018666038555742,1.45125108224709,0.372425999764116,0.0366245444397789,0.708227455088453,5.40805109315594,1.68788878639499,0.43776548882397,2.93801208396601,0.0143145586249371,1.16107235353574,0.149344020787497,-0.0232626521091655,0.32195069368416,0.890665012424322,-0.115786890303456,-0.34875815490383,0.117184374296918,0.0210395837042935,1.38923127031884,0.328750551221862,0.158589341401913,0.498911761041812,0.739713884321983,-0.301491810357655,-0.516542127657007,-0.086441493058303,0.0177979093829906,1.92843844046668,0.656710577216386,0.385537624528386,0.927883529904387,1.43744272778621,0.362865651355642,0.0911779064840072,0.634553396227278,0.075657657765762,1.22542345418889,0.20328646115309,0.136657866215101,0.26991505609108,1.12338136524356,0.116343213159101,0.016122415846221,0.216564010471981
"2","1",0.544735929770553,1.02553999350493,0.0252192967995245,-0.0315035084425286,0.0819421020415777,0.645428862929963,-0.437840279369555,-0.517718640711369,-0.357961918027742,0.168374793390081,1.12732896849567,0.119851089975532,0.0712697863330514,0.168432393618014,0.958336798588871,-0.0425559985065116,-0.109963531871784,0.0248515348587611,0.194661230279013,1.2696314336484,0.238726648625843,0.19107473730921,0.286378559942476,1.07173197635112,0.069276009327358,-0.000742885070652575,0.139294903725369,0.293734222720404,1.11650450436369,0.11020282665061,0.063706986341558,0.156698666959663,3.76878961290422,1.32675389232481,1.25676589042415,1.39674189422548,0.00122438839223563,1.39103227119562,0.330046112669042,0.00187563892074424,0.658216586417339,8.92298062409484,2.18863004145929,0.507910600139413,3.86934948277917,0.0149781784197,1.14494321298684,0.135355040131618,-0.0355609611464191,0.306271041409655,0.880291214906023,-0.127502500224255,-0.357246420006969,0.10224141955846,0.0210851605473052,1.3661687064605,0.312010257520045,0.143381245645049,0.480639269395041,0.763536482233628,-0.269794372578797,-0.487737673321681,-0.0518510718359132,0.0157678292340168,1.79441412261041,0.584678574573191,0.30848786411505,0.860869285031332,1.71444356013754,0.539088573240782,0.248025639729346,0.830151506752219,0.076600765817883,1.23602791153775,0.211902940930806,0.145260371236577,0.278545510625035,1.1006504021938,0.0959012797919412,-0.00282598424945536,0.194628543833338
"2","2",0.534537564923272,1.02437794143061,0.0240855419511162,-0.0322091248207847,0.080380208723017,0.661130042730475,-0.413804722125782,-0.494092576922005,-0.333516867329558,0.16609567185803,1.12276688548401,0.115796072270536,0.0669808891014278,0.164611255439643,0.948282798585728,-0.0531025104684798,-0.121186325874545,0.0149813049375855,0.195346831748507,1.26622541829246,0.236040363395252,0.188445807648483,0.283634919142021,1.07315900658184,0.0706066414691606,0.000312478261795076,0.140900804676526,0.285791612082135,1.15560974784108,0.144628124881634,0.0980282973233327,0.191227952439934,3.77239784703441,1.32771083297235,1.25716973400731,1.39825193193738,0.00129279092660951,1.45862144433928,0.377491773461351,0.0423475678732285,0.712635979049473,7.91522493148202,2.06878811130973,0.558664109044204,3.57891211357525,0.0153141470311939,1.17315715631946,0.159698538804031,-0.010580090177817,0.329977167785879,0.838618757576469,-0.175999076767905,-0.402489357828425,0.0504912042926136,0.0207824459099398,1.43549309980209,0.361508413741995,0.190199464034546,0.532817363449443,0.735395027356989,-0.307347471958619,-0.525178352592706,-0.089516591324532,0.0170504229013709,1.71774954983107,0.541015032860067,0.273949148332146,0.808080917387987,1.68248233662831,0.520270284192375,0.236935277182548,0.803605291202202,0.0730597807087584,1.2397220088489,0.214887168071241,0.147835650798244,0.281938685344239,1.15161384377782,0.141164301025956,0.0408358704156972,0.241492731636215
"2","3",0.535128313569043,1.01111097562261,0.0110497021869558,-0.0452233026637032,0.0673227070376147,0.672743125873189,-0.396391707378735,-0.476492208492985,-0.316291206264484,0.163207768126891,1.13786106159226,0.129150238261323,0.0804758855487334,0.177824590973912,0.97517307913995,-0.0251403066719648,-0.0929584354160096,0.04267782207208,0.188906667198468,1.26668847431037,0.236405994476844,0.188874960534874,0.283937028418814,1.109705944971,0.104095065787677,0.033567980216521,0.174622151358834,0.283919299419862,1.13890001019593,0.130062893250605,0.0835119227031373,0.176613863798073,3.81694312917698,1.33944987430103,1.26865927046736,1.4102404781347,0.00194819634444342,1.35393464969226,0.303014908696255,-0.0202817499559005,0.626311567348411,5.8388125277324,1.76452744187252,0.529526781241632,2.9995281025034,0.0142490329751754,1.27728639941985,0.244737827096217,0.0708479532638781,0.418627700928555,0.838657918839668,-0.175952380520641,-0.403190457139461,0.0512856960981781,0.0209384197613545,1.4524347737823,0.373241302561638,0.199361566651219,0.547121038472057,0.691218310102415,-0.369299571532946,-0.585328534021598,-0.153270609044295,0.0182879025704023,1.70424730516205,0.533123550013828,0.270119719641796,0.79612738038586,1.59985676457879,0.469914103100131,0.194753720596767,0.745074485603495,0.0738363886530678,1.24566138561196,0.219666622285411,0.15284078888359,0.286492455687232,1.14396098480221,0.134496788182175,0.0342591893806097,0.234734386983741
"2","4",0.544881012264861,0.982658353364656,-0.0174937743177931,-0.0743490426366965,0.0393614940011102,0.661489898611662,-0.413260565972047,-0.493210882707232,-0.333310249236862,0.174109167547793,1.07774633044981,0.0748721298142683,0.0266351681814226,0.123109091447114,0.951552782410503,-0.0496601209410858,-0.116658841314277,0.0173385994321049,0.191625874478783,1.23682318798694,0.212546147047636,0.165150634097285,0.259941659997988,1.10653855546666,0.101236724426687,0.0309458534022358,0.171527595451138,0.280716274297838,1.17346134535324,0.159957796144124,0.113695411317239,0.206220180971009,3.78945617049647,1.33222251816439,1.26169779381651,1.40274724251228,0.00120992227293234,1.44653672312792,0.369172232687266,0.0352293903965353,0.703115074977996,8.65363340949726,2.15797928008932,0.560795237660651,3.755163322518,0.0149128361356817,1.27645569280968,0.24408724719467,0.068905477067127,0.419269017322213,0.792652920551339,-0.232369832158795,-0.456672748956296,-0.00806691536129365,0.0212839345259009,1.52260752063979,0.420424339218239,0.251570637094555,0.589278041341923,0.70939245711386,-0.343346369467878,-0.552800379838157,-0.1338923590976,0.0171383996985554,1.90661921409589,0.645331628701946,0.376901697033586,0.913761560370307,1.54162017329926,0.432833923981583,0.158455319157007,0.70721252880616,0.0748484735222809,1.22640151302023,0.204084282283306,0.137448662442225,0.270719902124387,1.12874785996072,0.121108929809915,0.0215178028942339,0.220700056725596
"2","5",0.552430462557664,1.01381834682993,0.0137237439824488,-0.0425053925147758,0.0699528804796733,0.64506856447354,-0.438398666326605,-0.519603201428284,-0.357194131224927,0.161141567785603,1.1392806467657,0.130397051625753,0.081587656765259,0.179206446486247,1.00260971123138,0.00260631184801581,-0.0653959279471665,0.0706085516431983,0.192814863909595,1.23430618040181,0.210509014967238,0.162969575826426,0.25804845410805,1.10157868363493,0.0967443178773732,0.0267600361368862,0.16672859961786,0.29805103953663,1.12893037181685,0.121270610827124,0.0749487383021911,0.167592483352056,3.69430297881906,1.30679189758504,1.23650108139917,1.3770827137709,0.00178941013815302,1.35194385587521,0.301543450038997,-0.0293346506126534,0.632421550690648,5.9783993715989,1.78815286852202,0.477296288811601,3.09900944823243,0.0153366648651307,1.26715419585475,0.23677359547679,0.0607417907572575,0.412805400196322,0.762069478885561,-0.271717547812257,-0.492632190632597,-0.0508029049919169,0.0200771111347392,1.3568494324694,0.30516541852081,0.138589881908738,0.471740955132881,0.836178598754024,-0.178913053840881,-0.398469097045966,0.0406429893642041,0.0156263915687182,1.97002963878624,0.678048587705881,0.399531500694424,0.956565674717338,1.60236508785617,0.471480717723343,0.184492551571951,0.758468883874734,0.0748688840098004,1.21360926036916,0.193598779518427,0.127105504480124,0.260092054556729,1.13286550322764,0.12475026646251,0.0253820681926312,0.224118464732388
"3","1",0.532868676484674,1.0245377631873,0.0242415481319961,-0.0323955513149767,0.0808786475789688,0.66151523387243,-0.413222266406688,-0.492589222663414,-0.333855310149963,0.166733567061129,1.13071106587361,0.122846696657092,0.0741675432401857,0.171525850073998,0.96042302702588,-0.0403814384273848,-0.10755320202567,0.0267903251709006,0.194825095724888,1.23566390668551,0.211608401901154,0.164184766241205,0.259032037561103,1.09347004722936,0.0893561691082833,0.0196423292864448,0.159070008930122,0.292169787625487,1.11786661502559,0.11142206084032,0.0650530236265416,0.157791098054099,3.71131075630765,1.3113851178093,1.24149521609471,1.38127501952388,0.00193253519515928,1.34373795397628,0.295455248370889,-0.0236799098837855,0.614590406625564,5.99597027317002,1.79108762245121,0.537967349879375,3.04420789502305,0.0144075999739823,1.24506825048109,0.219190348077652,0.04506491965138,0.393315776503923,0.846502670411135,-0.16664192276403,-0.39412029476613,0.0608364492380712,0.0224083012983032,1.45947830748592,0.378079048225162,0.212010157110563,0.544147939339761,0.710220939419722,-0.342179175072641,-0.549369021136562,-0.134989329008721,0.0167790598546183,1.81593538599637,0.59660069914763,0.326451974065986,0.866749424229274,1.60365868642375,0.472287697788904,0.193177750511783,0.751397645066024,0.0756694573585451,1.22504614575732,0.202978513293172,0.136527147130348,0.269429879455997,1.12299108188383,0.115995734392472,0.017753168127612,0.214238300657332
"3","2",0.554001354513166,1.00497050775476,0.00495819556279583,-0.0515233081116574,0.0614396992372492,0.641987703288537,-0.443186129231785,-0.524397834429462,-0.361974424034107,0.167791633546758,1.11746431782227,0.111062116635418,0.062473350674258,0.159650882596579,0.958016638355121,-0.0428901333592544,-0.110934811437582,0.0251545447190735,0.188298823287184,1.25441278823029,0.226667565260933,0.179057050540333,0.274278079981533,1.13118509508716,0.123265839877433,0.0520011220658762,0.194530557688991,0.295904669453429,1.08429458019288,0.0809296190447687,0.0344280716184762,0.127431166471061,3.8396353220962,1.34537739388576,1.27436128445357,1.41639350331794,0.00137691053312262,1.38360553226875,0.32469279653252,-0.00928472268164965,0.65867031574669,7.65096563000917,2.03483186601758,0.477755100671617,3.59190863136355,0.0153936099493264,1.14981424345278,0.139600401895837,-0.0314066198581121,0.310607423649786,0.837806799293104,-0.176967754850304,-0.405252278558842,0.0513167688582344,0.0202754069557672,1.4762929069347,0.389534152923113,0.217513689529157,0.561554616317069,0.746903744610527,-0.291818958095029,-0.509817014403335,-0.0738209017867234,0.0167539160507684,1.70375032216407,0.532831893119754,0.259809298358758,0.805854487880749,1.69274228415822,0.526349867203519,0.237515413048422,0.815184321358615,0.074619929283575,1.22849079487846,0.205786419974597,0.139065967382039,0.272506872567155,1.13286908072539,0.124753424376744,0.0239561092881682,0.225550739465319
"3","3",0.551224313011673,1.00528367362108,0.00526976399205735,-0.0512666719384946,0.0618061999226091,0.656259510806353,-0.421198972524021,-0.501033010149132,-0.34136493489891,0.165839347190213,1.13465472753408,0.126328399837903,0.0778020426027662,0.17485475707304,0.963156068693584,-0.0375398152127703,-0.104695930303845,0.0296162998783047,0.190694330130942,1.2458747908931,0.219837926466078,0.172404185859018,0.267271667073137,1.11180803379879,0.10598754944995,0.0362156442918881,0.175759454608012,0.285125731198842,1.17633391439512,0.162402749985045,0.11603646998778,0.20876902998231,3.71241005238006,1.31168127552017,1.24151606638843,1.38184648465191,0.00157084677708412,1.39965524860216,0.336225955297999,0.00787115670870588,0.664580753887293,6.98731624324858,1.94409654021035,0.610255633288016,3.27793744713269,0.0153311043266332,1.20398140760394,0.185633904577977,0.0143903805064086,0.356877428649545,0.820924541462995,-0.197324084273843,-0.419889758825919,0.0252415902782339,0.0204532941266372,1.39322114960579,0.331618439990086,0.161794162176274,0.501442717803897,0.766697155685633,-0.265663398238135,-0.482415384097332,-0.0489114123789376,0.0179126246018758,1.82240049512618,0.600154585399825,0.332453065184246,0.867856105615404,1.49532312266948,0.402342319053593,0.128311873773242,0.676372764333943,0.0738234905306475,1.24201803603824,0.216737505175769,0.149787109360184,0.283687900991355,1.13409639724868,0.125836208084856,0.0261283110324429,0.225544105137269
"3","4",0.526810466129518,1.0168140700662,0.0166742783919814,-0.0394314737606182,0.072780030544581,0.676961844287759,-0.390140367646684,-0.470187242659264,-0.310093492634105,0.165463019658694,1.12090243192907,0.114134103664358,0.0655841759801273,0.162684031348589,0.971636038310378,-0.0287739908269136,-0.0965153526358659,0.0389673709820387,0.203879665678908,1.26894280403464,0.238184116033779,0.190665079676581,0.285703152390976,1.01414204889397,0.0140429830242723,-0.0555635633734462,0.0836495294219906,0.282657021058966,1.16723344154889,0.154636368903127,0.108229918129965,0.201042819676289,3.77280117393509,1.32781774251839,1.25826766213151,1.39736782290526,0.00178311773039801,1.52900520478257,0.424617330984671,0.0913828206816501,0.757851841287692,5.67703292772179,1.73642872436937,0.506236219906334,2.96662122883241,0.0145848270027317,1.2164097667044,0.195903705976933,0.0190314576777418,0.372775954276124,0.803925039968401,-0.218249248019866,-0.447399893717516,0.0109013976777834,0.0191756274081194,1.42665566837582,0.355333011813508,0.182291721662388,0.528374301964629,0.78545288065954,-0.241494809515331,-0.469620016710594,-0.0133696023200679,0.0156543910736999,1.92974211848577,0.657386376624312,0.387279985140307,0.927492768108318,1.69618679019439,0.528382667033042,0.24824786098429,0.808517473081793,0.0762815765242141,1.23357647018176,0.209917649538144,0.143205130363828,0.27663016871246,1.10417230571209,0.0990960096911944,0.00078485554262025,0.197407163839769
"3","5",0.547605820554404,1.00578636290555,0.00576968620840545,-0.0504720612062424,0.0620114336230532,0.648607160357097,-0.432928045458021,-0.513218521670014,-0.352637569246028,0.167032729908681,1.101314346227,0.096504326733349,0.0478260663705113,0.145182587096186,0.980563769198606,-0.0196275980321168,-0.0877198715178565,0.0484646754536228,0.185735353809108,1.26639171141857,0.236171684568432,0.188528882475686,0.283814486661177,1.11864488584036,0.112118029401969,0.0412329865274641,0.183003072276474,0.287761172273576,1.16804862383108,0.155334513531894,0.108794826152478,0.201874200911311,3.79566287650417,1.33385906660998,1.26240726770846,1.4053108655115,0.000524235052375976,1.28443890286383,0.250321971519332,-0.0829889705330137,0.583632913571678,20.8401295231964,3.03688043199044,-0.055833946259737,6.12959481024061,0.0154030527261215,1.30023405960669,0.26254429411248,0.0899112876074176,0.435177300617541,0.79011499466893,-0.235576781242253,-0.456188185118621,-0.0149653773658864,0.0216858517498941,1.38847648095491,0.328207089166024,0.159871924378416,0.496542253953633,0.726602162535522,-0.319376182960101,-0.532342335083881,-0.10641003083632,0.016757668214173,1.81969349861819,0.598668079553952,0.326907676385157,0.870428482722748,1.65233470229216,0.502189258870382,0.213930432226766,0.790448085513998,0.072620071502839,1.23215831134671,0.208767356325714,0.142046695492758,0.27548801715867,1.16768269723902,0.155021184176114,0.0536256342327398,0.256416734119487
"4","1",0.559618458061062,1.00597465868738,0.00595688118868406,-0.0515155959889023,0.0634293583662704,0.645358945719874,-0.437948611985789,-0.519498889375724,-0.356398334595853,0.16210219781215,1.13139825299646,0.123454259817945,0.0744934749237007,0.172415044712189,0.997258981474363,-0.00274478199564959,-0.070833527680755,0.0653439636894557,0.195018628906924,1.25972417056961,0.230892784752265,0.183266178485058,0.278519391019471,1.08424651877216,0.0808852930038637,0.0106121257346014,0.151158460273126,0.282595376478508,1.17903246198036,0.164694154662503,0.118285737474485,0.211102571850522,3.85259619365553,1.34874725705175,1.27853868133154,1.41895583277195,0.000567307792364322,1.36021896460732,0.307645690176044,-0.0268948087338268,0.642186189085915,18.9987725822702,2.94437437614656,-0.159331318901115,6.04808007119424,0.0151987423571566,1.20899699652187,0.189791087363123,0.0156958937901315,0.363886280936115,0.806241630763288,-0.215371791374666,-0.440125595950199,0.0093820132008656,0.0210462728614046,1.43722886712671,0.362716861726755,0.191070926253853,0.534362797199658,0.718372538476627,-0.330766988676021,-0.547088536981864,-0.114445440370177,0.0154481736904294,1.93401247761644,0.659596848725099,0.38218361937483,0.937010078075368,1.66988660967864,0.512755725727437,0.227110994923136,0.798400456531738,0.0736377775570695,1.23887331048169,0.214202345991764,0.147355528824776,0.281049163158753,1.14186877530635,0.13266619684363,0.0329393605446498,0.23239303314261
"4","2",0.534077393660083,1.03605458169851,0.0354198274866566,-0.0211100851069529,0.091949740080266,0.651145108590837,-0.429022760551126,-0.508928259665187,-0.349117261437064,0.168496885767076,1.11466940514597,0.108557863321038,0.0598495529605346,0.157266173681541,0.945290465913795,-0.0562630273799375,-0.123638984036576,0.0111129292767011,0.191298436027217,1.2610300687452,0.231928901857253,0.184339200748798,0.279518602965708,1.10313410345418,0.0981553135285285,0.0280656074174665,0.16824501963959,0.30551170192328,1.07326584426378,0.070706190896188,0.0242524496379798,0.117159932154396,3.67331533103079,1.30109461423633,1.23084809881096,1.37134112966171,0.0012874997186829,1.42944793569659,0.357288310778441,0.0263818037475673,0.688194817809314,8.28341613831587,2.11425546040193,0.578245846751591,3.65026507405227,0.0149449763558035,1.22021390106745,0.199026172120689,0.0274426486417634,0.370609695599615,0.840669418300199,-0.173556777974277,-0.39894841312661,0.0518348571780565,0.0218250621024038,1.37075388686077,0.31536087087033,0.145924812274031,0.48479692946663,0.725398867924157,-0.321033612757442,-0.534209493290188,-0.107857732224695,0.0167434893514874,1.60522605356589,0.473264590007723,0.209348970224511,0.737180209790934,1.83662969421169,0.607932204100827,0.315884948007484,0.89997946019417,0.0750145556055619,1.2207421719399,0.199459011438479,0.133052258736979,0.265865764139979,1.13486411612206,0.126512922287817,0.027626646775447,0.225399197800187
"4","3",0.534117522104488,1.01417138135485,0.0140719060303871,-0.0422346128164751,0.0703784248772494,0.658194764890944,-0.418254396179788,-0.498053589734524,-0.338455202625052,0.165252448008452,1.14752011031076,0.137603188124273,0.0890440469803491,0.186162329268198,0.96684704603734,-0.0337149697342019,-0.100905326820983,0.033475387352579,0.194122868348533,1.24492710729032,0.21907697984146,0.171567469104868,0.266586490578051,1.09061456430791,0.0867413578199855,0.0165893606451624,0.156893354994808,0.279596053678741,1.20346632798479,0.185205999440603,0.138836892474967,0.231575106406239,3.81848333058752,1.33985330990205,1.26977212102378,1.40993449878033,0.00174969303710447,1.57465271778332,0.454034751319129,0.121819045227852,0.786250457410406,5.74807168335089,1.74886443914648,0.526484024513298,2.97124485377966,0.0143389303053914,1.20835610279976,0.189260843157344,0.0149475367422575,0.36357414957243,0.856684451989235,-0.154685628899561,-0.384586233392818,0.0752149755936965,0.0209368505844132,1.41700465323224,0.348545244564997,0.179374204896,0.517716284233994,0.752543361859069,-0.284296660286308,-0.500377989178301,-0.0682153313943143,0.015819005215731,1.86032093101433,0.620749016397272,0.341978442723317,0.899519590071227,1.61701148896148,0.480579685678867,0.192322542747446,0.768836828610288,0.0725053753929901,1.23630329794085,0.212125715616644,0.145354189297479,0.278897241935809,1.16241729476001,0.150501711656032,0.0495658295109113,0.251437593801152
"4","4",0.536006611872693,0.998009383478438,-0.00199260043187055,-0.0582222113653637,0.0542370105016225,0.671470073600836,-0.398285830503642,-0.478988124479754,-0.31758353652753,0.169300404374647,1.1118054966487,0.105985267443612,0.0576334494715612,0.154337085415663,0.960799913511684,-0.039989098233349,-0.108400420622199,0.0284222241555009,0.190864891384237,1.24730782417626,0.220987488020307,0.173564431664766,0.268410544375848,1.10728146710502,0.101907882568424,0.031660220487226,0.172155544649623,0.282300715308939,1.14753545844435,0.137616563080248,0.09128638265612,0.183946743504377,3.82576464587673,1.34175835471843,1.27108353944907,1.41243316998779,0.00214321536385907,1.19568270711525,0.178717325277345,-0.146879330830387,0.504313981385078,5.39499013920617,1.68547077094312,0.442955324014605,2.92798621787164,0.0148812137596734,1.20850831270142,0.189386799666017,0.0145224760877586,0.364251123244275,0.816674058523366,-0.202515212899336,-0.433372366292784,0.0283419404941124,0.0188294423778878,1.46234263478343,0.380039694186484,0.210691119983059,0.549388268389909,0.833592532312045,-0.182010566382033,-0.404928474482222,0.0409073417181572,0.0175680167435826,1.85563717716196,0.618228128811134,0.350656602865806,0.885799654756461,1.53384185905713,0.427775607055334,0.154139245824588,0.701411968286081,0.0749408376330172,1.24133912220272,0.216190734164452,0.149037275037039,0.283344193291865,1.11354402950012,0.107547748469348,0.00734246642326645,0.207753030515429
"4","5",0.548021163962682,1.00322542144398,0.00322023093029986,-0.0529780768823051,0.0594185387429048,0.658817122857761,-0.417309290036203,-0.496246623567019,-0.338371956505386,0.167577084040601,1.09980192913118,0.0951300991645765,0.0465711566531859,0.143689041675967,0.965896274912919,-0.0346988264013633,-0.101963851551397,0.0325661987486701,0.192181211340516,1.25930500226738,0.230559983282064,0.182928962399269,0.278191004164859,1.07701394264779,0.0741923439101347,0.00387329184195426,0.144511395978315,0.292931252630296,1.11452406758809,0.108427468575254,0.0617740965280404,0.155080840622468,3.6720658495957,1.30075440549389,1.22989923964477,1.371609571343,0.00151088632853641,1.4221307714508,0.352156290198279,0.0220482885801644,0.682264291816393,7.17550929572516,1.97067374110918,0.621727772993257,3.31961970922511,0.0155855853611266,1.26195269848665,0.232660282027238,0.06193473966109,0.403385824393386,0.793923059385097,-0.230768724968016,-0.448754816381335,-0.0127826335546975,0.0213726073911185,1.45202730821514,0.372960723536455,0.20358773050831,0.5423337165646,0.713314636570098,-0.337832670393599,-0.551029989070878,-0.124635351716319,0.0178923334171516,1.86670899525213,0.624176984843825,0.357108370338128,0.891245599349522,1.51990271455838,0.418646329229855,0.145566133124275,0.691726525335434,0.0769518746530295,1.22522949610947,0.203128170212874,0.136469949895133,0.269786390530614,1.10733201060036,0.101953528001228,0.00334812606590119,0.200558929936555
"5","1",0.549065192215858,1.00815709856801,0.00812400925953144,-0.0481618086419678,0.0644098271610306,0.650452714515426,-0.430086674654898,-0.510661736233804,-0.349511613075993,0.16897750287574,1.11003746578184,0.104393767711241,0.0558616069002458,0.152925928522237,0.953008698520714,-0.0481312478557252,-0.115470308542394,0.0192078128309442,0.196562765936632,1.24870962340291,0.222110716846597,0.174550979989912,0.269670453703282,1.0719374101126,0.0694676748550804,-0.000398159154656627,0.139333508864817,0.301340709849359,1.11470809406846,0.10859257159499,0.0622163545530353,0.154968788636944,3.72784565721395,1.31583049500438,1.2459421217423,1.38571886826646,0.00203823560127757,1.39136616743761,0.330286118729248,0.00234861773669392,0.658223619721802,5.31266366036744,1.67009334043342,0.45941685582244,2.8807698250444,0.0130818708236843,1.2631373012161,0.233598547844684,0.0571157807650839,0.410081314924283,0.904973076664096,-0.0998500852671725,-0.337176865175475,0.13747669464113,0.0214208410681249,1.38842369712479,0.3281690727976,0.15682249246254,0.499515653132659,0.716756567922095,-0.333019010783705,-0.548979033960624,-0.117058987606785,0.0169880393941363,1.89472486069638,0.639073635748323,0.368294428474374,0.909852843022271,1.61761220756541,0.480951115970116,0.203394528769174,0.758507703171058,0.0742556661316696,1.2654699653306,0.235443567280544,0.168549930887127,0.30233720367396,1.11356432226009,0.107565971884436,0.00841587724039347,0.206716066528478
"5","2",0.533197746587448,1.03068434897948,0.0302229980995671,-0.0262737950243897,0.0867197912235238,0.658742801872159,-0.417422106135549,-0.496774977041158,-0.33806923522994,0.166280232104522,1.12641276987948,0.11903804325322,0.0704720744997958,0.167604012006644,0.969838477934859,-0.0306257389432307,-0.0977771843638292,0.036525706477368,0.191705106592196,1.28282684135908,0.249066112658402,0.201563579414921,0.296568645901882,1.0812927251008,0.0781572930273636,0.00838347226069012,0.147931113794037,0.292497928911365,1.15377523142327,0.143039375651724,0.0967643200275363,0.189314431275912,3.76184482857832,1.32490948297295,1.25516766426585,1.39465130168005,0.00181973887220827,1.37909584537788,0.321428099933166,-0.0158537628265094,0.658709962692842,5.67592911408959,1.73623427051114,0.469734353418936,3.00273418760335,0.0152969995319789,1.21010359092556,0.190705968279298,0.0185924004414374,0.362819536117158,0.823210859141696,-0.194542903172121,-0.417288715690888,0.0282029093466451,0.0211903808080796,1.45341310317852,0.373914654694723,0.204639900784286,0.54318940860516,0.725156546344212,-0.321367721444108,-0.533788598627079,-0.108946844261137,0.0142482656343066,1.96799871423465,0.677017145293797,0.391737663492966,0.962296627094627,1.73194136743366,0.549242957046253,0.255040529174731,0.843445384917775,0.0743561864849315,1.23869318621893,0.214056941811239,0.147333308014541,0.280780575607937,1.13198054073801,0.123968789472469,0.0245339593431434,0.223403619601796
"5","3",0.539594619043937,1.00416334062454,0.00415469790205648,-0.0522053812245814,0.0605147770286943,0.665245494245396,-0.407599142171859,-0.488062074792662,-0.327136209551056,0.167687211030157,1.11951392973852,0.112894599800628,0.0642023804904858,0.16158681911077,0.950451925903239,-0.05081769602529,-0.118818612033759,0.0171832199831796,0.192125655740233,1.25220711371894,0.224907685289569,0.177308233710887,0.27250713686825,1.10332311212273,0.0983266367408492,0.0280592563742878,0.168594017107411,0.281273259566025,1.15260074758281,0.142020908625815,0.0954308542930093,0.188610962958621,3.72515093432893,1.31510737029357,1.24470273094333,1.38551200964382,0.00190241577205548,1.44712248185532,0.369577089440534,0.0403462829396836,0.698807895941384,5.60176924314238,1.72308248411917,0.488893410819844,2.9572715574185,0.0146688877176051,1.22728477096883,0.204804225979873,0.0305963001013797,0.379012151858366,0.82798243705656,-0.188763336106188,-0.41870621398372,0.0411795417713445,0.0213004750127965,1.39210901861954,0.330819876819342,0.163509202417934,0.49813055122075,0.765964839069508,-0.266619012293106,-0.481577851191864,-0.0516601733943483,0.0163390949740645,1.80587033446568,0.591042655332921,0.323086334717827,0.858998975948015,1.68379335438464,0.521049197117488,0.238940142648806,0.803158251586169,0.0769183923336538,1.20517793980896,0.186627223932045,0.119758181222194,0.253496266641896,1.11273501321832,0.106820960585265,0.00815493072691421,0.205486990443616
"5","4",0.530296922698885,1.01551517183587,0.0153960421885113,-0.0405608606911297,0.0713529450681523,0.669863030139708,-0.400682020123624,-0.481818855931467,-0.319545184315782,0.162899300079489,1.13079818662824,0.122923743217546,0.0743339105144865,0.171513575920605,0.99703514123007,-0.00296926267047546,-0.0710366452232891,0.0650981198823381,0.19045696069234,1.25004246522365,0.223177522916088,0.175765613711546,0.270589432120629,1.10597790258728,0.100729923323044,0.0298605034800086,0.171599343166079,0.276275139547783,1.16941033939488,0.156499638344155,0.110193373531649,0.202805903156662,3.83030917307538,1.34294552397511,1.27203914123942,1.4138519067108,0.000355218776312327,1.27352203880695,0.241786320986065,-0.0814836526889759,0.565056294661106,32.7594535351559,3.48919157798969,-0.205423983457882,7.18380713943727,0.0164510947599999,1.18480352977128,0.169576963179774,-0.000920469797647711,0.340074396157195,0.777097670393563,-0.252189234592097,-0.469972492059202,-0.0344059771249918,0.0197326104335111,1.46263273063395,0.380238051994824,0.209791031629786,0.550685072359861,0.772865319604229,-0.257650476358324,-0.478469241550776,-0.0368317111658716,0.0175153367703485,1.79274664881165,0.583748884478368,0.31667398414668,0.850823784810056,1.5305228893933,0.425609434791857,0.148491538124191,0.702727331459524,0.0719217050876925,1.24721664483665,0.220914384436205,0.15424366996406,0.28758509890835,1.16701617226942,0.15445021119419,0.0532471152017529,0.255653307186628
"5","5",0.559857208196606,0.998332792666837,-0.00166859866995491,-0.0579137905912678,0.0545765932513578,0.641326705936695,-0.444216270256531,-0.523508155164712,-0.36492438534835,0.167083753107743,1.11771413786495,0.111285651398907,0.062662773698716,0.159908529099097,0.963970159968106,-0.0366949392406201,-0.104390946180569,0.0310010676993294,0.192220135440588,1.23860853051986,0.21398859672551,0.166426750727025,0.261550442723995,1.10180441343536,0.0969492117077015,0.0265921743795692,0.167306249035834,0.291334115657556,1.12138922555656,0.114568296632531,0.0678745155229485,0.161262077742113,3.79816741540994,1.33451869130537,1.26328901472539,1.40574836788535,0.00124014526730581,1.43259535793952,0.359487734888287,0.0298646350985262,0.689110834678047,8.69527743998439,2.1627800552885,0.577492509154459,3.74806760142254,0.0154713705224294,1.23580052663777,0.211718959795949,0.0386278093319497,0.384810110259948,0.789682532061222,-0.236124272438046,-0.457961032655991,-0.0142875122201012,0.0205535253421242,1.43648436728088,0.362198716872516,0.191154682897182,0.533242750847849,0.748396122462605,-0.289822865698504,-0.506522977111028,-0.0731227542859795,0.0187813802042257,1.66365245155989,0.509015457338795,0.245308912689699,0.772722001987891,1.57924815980085,0.45694888555987,0.177600287812288,0.736297483307452,0.0754730437249531,1.20737818421225,0.188451218815638,0.121852480066166,0.255049957565109,1.13720912347515,0.128577123515912,0.028671293773737,0.228482953258086
"6","1",0.546348185518083,1.01857793747714,0.018407475580489,-0.037860986886059,0.074675938047037,0.653088708560526,-0.426042311213143,-0.506363437998918,-0.345721184427368,0.164705305624486,1.12623521062616,0.118880398334689,0.0701948198065481,0.167565976862831,0.972463939680371,-0.0279222841972005,-0.0960824138764731,0.0402378454820719,0.190021194903688,1.25253220538835,0.225167266531226,0.177628754603813,0.272705778458639,1.11106561582212,0.105319569059435,0.0342787368159552,0.176360401302915,0.287169378932511,1.17232503084986,0.158988982782618,0.112564380119367,0.205413585445869,3.73589410173065,1.31798717460369,1.24742303772931,1.38855131147806,0.00198960621351305,1.34923053562687,0.299534456343907,-0.0270203493512789,0.626089262039092,5.62800333813888,1.72775473238254,0.465540580249588,2.9899688845155,0.0153252633192716,1.27971738595328,0.246639261329334,0.0759458812123763,0.417332641446292,0.806636996156475,-0.214881530800179,-0.435945666630227,0.00618260502986827,0.0212006331402373,1.40555608006183,0.340433011003759,0.169919812447396,0.510946209560121,0.729784022543213,-0.315006648144611,-0.531303596303239,-0.0987096999859826,0.0170737794293864,1.78292582532626,0.578255736964765,0.311220202752524,0.845291271177006,1.65250177294711,0.502290365630939,0.220876641260687,0.78370409000119,0.0733622968427975,1.2477121374997,0.221311584286616,0.153969061679209,0.288654106894023,1.13347582121425,0.125288859652144,0.0243870207975728,0.226190698506715
"6","2",0.543534770334548,1.01746780603718,0.0173169975757451,-0.0395746549971035,0.0742086501485938,0.650643856648107,-0.429792857672682,-0.510507649854805,-0.349078065490559,0.168006811525144,1.10418260560268,0.0991053378028454,0.0504792464438091,0.147731429161881,0.969463368192256,-0.0310125892399293,-0.09894835891753,0.0369231804376714,0.199150312276787,1.24459419309564,0.218809527462875,0.171251010457994,0.266368044467757,1.05826065423261,0.0566266681524017,-0.0130935651266478,0.126346901431451,0.295633877501302,1.13162725086461,0.123656641866706,0.0771733216022959,0.170139962131116,3.67989901107015,1.3028853091603,1.2326763227949,1.3730942955257,0.00127234924849849,1.32815382983761,0.283789880066893,-0.051756474969898,0.619336235103685,8.40282177219559,2.12856757470039,0.365867762197317,3.89126738720346,0.0147998854497224,1.23913866528285,0.214416513481488,0.0399082470210357,0.388924779941941,0.815812659987613,-0.203570533724835,-0.430877969763476,0.0237369023138063,0.0211958097500398,1.40514861165345,0.340143070610924,0.170783968375084,0.509502172846765,0.740064520423172,-0.301017906823684,-0.517319919858313,-0.0847158937890562,0.0188705626812483,1.67962892090906,0.51857288860622,0.257195859602194,0.779949917610247,1.55806740133636,0.443446207961046,0.16714202957472,0.719750386347371,0.0746252488587108,1.22138417190385,0.199984782744582,0.133402383419675,0.266567182069489,1.13911317570286,0.130250043622583,0.0308661937321263,0.22963389351304
"6","3",0.522944466433703,0.99886119373105,-0.00113945520152823,-0.0574552302550772,0.0551763198520208,0.692080706369184,-0.368052702463816,-0.447537289491975,-0.288568115435656,0.164764258172411,1.12975537770196,0.122001129379317,0.0733851075274276,0.170617151231208,0.970853038446685,-0.0295801728698095,-0.0969054956485594,0.0377451499089404,0.186530543153139,1.25944650096441,0.230672339500608,0.183034875262495,0.27830980373872,1.12597531707854,0.118649608587838,0.0478684948584457,0.189430722317231,0.29478557223319,1.08884087194139,0.0851137101713134,0.0386269130187476,0.131600507323879,3.80872904669414,1.3372955499424,1.26647710236651,1.40811399751828,0.00120954229278867,1.44563310508452,0.368547360617868,0.0385965673030176,0.698498153932719,8.92460434362463,2.1888119954365,0.659652785085691,3.71797120578732,0.0147673272728229,1.25459037043386,0.226809121243639,0.052462898098066,0.401155344389213,0.809143586722422,-0.211778890994641,-0.436223689000953,0.0126659070116713,0.0216326921991529,1.42306479351875,0.352812851113109,0.183224903569988,0.52240079865623,0.71267905782948,-0.33872408917785,-0.550689394768613,-0.126758783587086,0.0141937843186314,1.83837625127533,0.608882709880162,0.326246864079374,0.89151855568095,1.85869881610844,0.619876681685951,0.318442233144792,0.921311130227111,0.0770246386848828,1.2272133210643,0.204746006415733,0.138012887987987,0.271479124843479,1.09428778287385,0.0901037250500919,-0.00842089733278688,0.188628347432971
"6","4",0.551149525115317,1.01709763649732,0.0169531168804398,-0.039459319562478,0.0733655533233574,0.648777678092212,-0.432665181686156,-0.513295146373971,-0.352035216998342,0.16950744282229,1.12150561720078,0.114672083615411,0.0661265783019719,0.163217588928849,0.947439379820354,-0.0539923231537252,-0.121680571991471,0.0136959256840211,0.193226111076888,1.26522591681059,0.235250696598225,0.18771115326595,0.282790239930501,1.07895170902737,0.0759899299708099,0.00602183987501973,0.1459580200666,0.275288079573158,1.18901864227603,0.173128296539499,0.126709876257885,0.219546716821113,3.9155616053843,1.36495876880601,1.29447047604694,1.43544706156509,0.00198810512027144,1.43622447454997,0.362017777733928,0.0322686768695358,0.69176687859832,5.35618387049745,1.67825175705622,0.443867659810962,2.91263585430148,0.0149892579016783,1.14755777978838,0.137636014441666,-0.0361112261859933,0.311383255069325,0.840260680912989,-0.174043100868318,-0.405262311177941,0.0571761094413037,0.0191417248360389,1.47657410576307,0.389724611096821,0.218093742590929,0.561355479602713,0.790260572121508,-0.235392549777216,-0.45770774969173,-0.0130773498627022,0.0176485247667997,1.79988296646891,0.587721644159935,0.318733108889674,0.856710179430196,1.54128593785893,0.432617092570187,0.156811714310383,0.708422470829991,0.0731825497197951,1.24540707774789,0.21946244655223,0.152550556234376,0.286374336870083,1.14516506370076,0.135548787053433,0.0354539164326895,0.235643657674177
"6","5",0.548854794663548,1.00504688480081,0.00503419196598272,-0.0521665885218834,0.062234972453849,0.641160119834049,-0.444476056322533,-0.524717590903869,-0.364234521741197,0.165762998034887,1.12333143533399,0.116298766081079,0.067721085106427,0.164876447055731,0.974820309949056,-0.0255021224573066,-0.0927585687435666,0.0417543238289534,0.194244359164032,1.25020958375025,0.223311204259868,0.175703426774366,0.270918981745369,1.09204080378624,0.0880482427292286,0.0182914916859918,0.157804993772466,0.289958832382545,1.13386640984934,0.125633394000418,0.0792344674655477,0.172032320535289,3.69976167384372,1.30826840510094,1.23827836654193,1.37825844365995,0.00102480226269831,1.37655805575262,0.319586221066097,-0.00714762654222944,0.646320068674424,10.5776094321832,2.35873944930976,0.588635810862767,4.12884308775675,0.0151580443457981,1.1846706425913,0.169464797213446,-0.00262523704007339,0.341554831466964,0.835886913007296,-0.179261946569827,-0.403612602812832,0.045088709673179,0.0209943310363665,1.42968311106616,0.357452819061726,0.189224910264783,0.525680727858669,0.756824381156087,-0.278624045648059,-0.49242969010169,-0.0648184011944276,0.0160227681508912,2.0108973061426,0.69858104342126,0.424688761653219,0.9724733251893,1.56683279846363,0.449056255998422,0.171332219212648,0.726780292784196,0.0748506206393002,1.22039580128332,0.199175233411426,0.132889618759,0.265460848063851,1.14846491133067,0.138426190943836,0.0390852367511102,0.237767145136561
"7","1",0.545337345770958,1.02429468344425,0.0240042620185397,-0.0322312071571494,0.080239731194229,0.644603092235201,-0.439120512474235,-0.519297138333462,-0.358943886615008,0.166392565359798,1.1350070738893,0.126638883415527,0.0778690534716675,0.175408713359386,0.958033939192875,-0.0428720745063654,-0.110021390877241,0.0242772418645102,0.196898138945592,1.27618966805986,0.243878816556512,0.196291646025959,0.291465987087064,1.06357429574667,0.0616352128764452,-0.00763740491560645,0.130907830668497,0.287712707960072,1.15568731479518,0.144695244729947,0.098221225174116,0.191169264285778,3.80438905475683,1.33615541462606,1.26657493647649,1.40573589277563,0.00111808910312151,1.35970959766553,0.307271145818659,-0.0284988654524126,0.643041157089731,9.34972220324139,2.23534663197594,0.623965681617737,3.84672758233415,0.0141688815630377,1.18831377565245,0.172535306986234,-0.00335555517839284,0.348426169150861,0.858832765729627,-0.152181060783067,-0.384395988462317,0.0800338668961841,0.0189522994109553,1.49137590912775,0.399699122803953,0.225873706843377,0.573524538764529,0.782332088791487,-0.245475962608132,-0.468725064218734,-0.022226860997529,0.0158129761967761,1.77670228898122,0.57475899939188,0.299160364899305,0.850357633884455,1.72297478532905,0.544052323271009,0.254655269626038,0.833449376915979,0.0742464395685213,1.21771549077178,0.196976554786677,0.130187785470193,0.263765324103161,1.14898845376606,0.138881949874493,0.0396276349854885,0.238136264763498
"7","2",0.537389391389089,1.02310480230116,0.0228419277644431,-0.0335193010860957,0.0792031566149821,0.66332528884117,-0.410489777380367,-0.490641039360973,-0.330338515399761,0.167861152023943,1.11618942797735,0.109920587886162,0.061367701976925,0.158473473795399,0.958865985332159,-0.042003958043014,-0.109962002019441,0.025954085933413,0.186848362943599,1.26918915837888,0.238378238600031,0.190879973599772,0.285876503600289,1.11641808732111,0.110125424018792,0.0393385809213271,0.180912267116257,0.285491130572131,1.0937577670388,0.0896192599570938,0.0432434331695565,0.135995086744631,3.97760023742242,1.38067868202412,1.30994686477597,1.45141049927228,0.0020149736515675,1.39131371709995,0.330248421013488,-0.00338778921938407,0.663884631246361,5.2954636020356,1.66685052990163,0.462225978762977,2.87147508104028,0.0157029072904146,1.2340306033604,0.210285725305661,0.0393578423386061,0.381213608272715,0.799214510606949,-0.224125895397518,-0.446032535943368,-0.00221925485166743,0.0220197289177824,1.43194433890552,0.359033198303631,0.192576837440124,0.525489559167137,0.719935028975991,-0.328594308577032,-0.538286615506035,-0.11890200164803,0.016851779161523,1.80240755312274,0.589123300718961,0.315466226209093,0.862780375228829,1.60259732936337,0.471625643920514,0.191586944441083,0.751664343399945,0.0765860627877583,1.22716315331745,0.204705126178015,0.138426709217736,0.270983543138294,1.10873842953196,0.10322281899032,0.00423057554051956,0.202215062440121
"7","3",0.547914491340133,0.983654914788662,-0.0164801397912159,-0.0729150926108538,0.0399548130284221,0.664105905824849,-0.409313645499783,-0.489921185584415,-0.32870610541515,0.159572060270334,1.13842505832271,0.12964577942995,0.0810378601937213,0.178253698666179,1.00627109790728,0.00625151639520831,-0.0620045611852262,0.0745075939756431,0.192368173878697,1.22674006789088,0.204360299677036,0.156793889570269,0.251926709783802,1.10146241447724,0.0966387645512062,0.0253869237150833,0.167890605387329,0.285694981032689,1.12368016604253,0.116609161195306,0.0700705546288213,0.163147767761791,3.80228318307384,1.33560172395268,1.26416326645181,1.40704018145355,0.00207578099541385,1.31672326099942,0.275146272358713,-0.0560257560448079,0.606318300762233,5.24419326056454,1.65712141887694,0.439995679351241,2.87424715840264,0.0154810777089012,1.20412868331393,0.18575622100423,0.0145364325870442,0.356976009421417,0.814130724124051,-0.205634331126562,-0.42820057241384,0.0169319101607171,0.0225883537434644,1.40321381644793,0.338765188972663,0.171008971159753,0.506521406785573,0.700703335538085,-0.355670683322867,-0.566578237068109,-0.144763129577624,0.015584666501844,1.78648985354558,0.580252718949708,0.3121621333413,0.848343304558117,1.82365278132246,0.60084151241409,0.309612658906098,0.892070365922082,0.0732469505478781,1.22654679799568,0.204202739712654,0.13777746375048,0.270628015674828,1.16443991676245,0.1522402132726,0.0513805911642998,0.253099835380899
"7","4",0.539060030217742,1.02893113059295,0.0285205261310061,-0.027575276137515,0.0846163283995272,0.654426227866283,-0.423996415238985,-0.503594675150484,-0.344398155327486,0.168252278525126,1.1029450479746,0.0979839185176802,0.0494856218473167,0.146482215188044,0.965445667821512,-0.0351654523153074,-0.102278623218403,0.0319477185877884,0.19283201661594,1.2354802471142,0.211459758551986,0.163950468693182,0.258969048410791,1.09938739190102,0.0947531082151365,0.0247323754534507,0.164773840976822,0.295007544224772,1.17196299715492,0.158680118262993,0.112270093016052,0.205090143509934,3.64198441899247,1.29252870315032,1.22245102496078,1.36260638133986,0.00118096568659759,1.57533373270182,0.454467143610216,0.127209235952894,0.781725051267539,8.89903506782917,2.18594285151526,0.62606339053409,3.74582231249642,0.015058304642184,1.29468063341684,0.258264049614857,0.0841091636825039,0.43241893554721,0.78288656150314,-0.244767470239041,-0.465636792372715,-0.0238981481053663,0.020380208346879,1.4389328572707,0.363901767519013,0.192856859147932,0.534946675890094,0.750750475472164,-0.286681938789342,-0.50327651001226,-0.0700873675664248,0.0171614667499877,1.83617253752294,0.607683262468653,0.335458011134169,0.879908513803137,1.56128048862892,0.445506310612163,0.163112781150854,0.727899840073471,0.0765349124622577,1.25567740060745,0.22767518840514,0.160699078261612,0.294651298548668,1.0807417435009,0.0776476049351276,-0.0206305214498173,0.175925731320072
"7","5",0.542130768748051,0.997756820830111,-0.0022456988650732,-0.058472387127001,0.0539809893968546,0.659062358568933,-0.416937122903384,-0.497410667161488,-0.33646357864528,0.171067660249486,1.11246613510675,0.106579294241461,0.0579809011609666,0.155177687321956,0.944919572793288,-0.05665546326555,-0.12414653503875,0.0108356085076503,0.194183394542045,1.26570712415789,0.235630957431138,0.188165822042881,0.283096092819394,1.08281514372213,0.0795642643659107,0.00972334516905285,0.149405183562769,0.288714977262717,1.16803526555788,0.155323077064857,0.108897510102201,0.201748644027513,3.61841463170423,1.28603598286784,1.21575419591723,1.35631776981844,0.00121216826965693,1.41990776226045,0.350591913348811,0.0202210889111278,0.680962737786495,8.80887841906987,2.1757601241332,0.508500762018285,3.84301948624812,0.0143588759912951,1.20751533794766,0.188564808698007,0.0145206734525941,0.36260894394342,0.864472761483687,-0.145635482182025,-0.378311237762534,0.0870402733984833,0.0206127182921521,1.37832304749252,0.320867577259161,0.150824666675454,0.490910487842869,0.76518738412514,-0.267634528581303,-0.486924088804077,-0.0483449683585305,0.0187066374750559,1.80797337444335,0.592206535336855,0.331401055171068,0.853012015502642,1.47968797781117,0.391831239745875,0.122051048702677,0.661611430789074,0.0721984571767785,1.24030633286149,0.215358391737173,0.148174677777648,0.282542105696697,1.15911578207904,0.147657457624405,0.0466126938797938,0.248702221369017
"8","1",0.559853579591298,0.975392199282539,-0.0249156331930155,-0.0811399495534242,0.0313086831673931,0.649217857610395,-0.431986936618358,-0.511958329528405,-0.352015543708311,0.169434442657693,1.144748310199,0.135184796422946,0.0866404375358495,0.183729155310042,0.944566824430995,-0.0570288434252686,-0.124519878727466,0.0104621918769286,0.189070956895421,1.25122011556371,0.224119167696705,0.176653032426508,0.271585302966902,1.11671119845658,0.110387935588554,0.0400267538889895,0.180749117288119,0.297018607234189,1.13419822576789,0.125925992293882,0.0796527125887336,0.17219927199903,3.75961856998804,1.32431750810388,1.25445127468624,1.39418374152152,0.00191627197455974,1.39584454872647,0.333499643359312,-0.00840604722725985,0.675405333945884,5.21361992635385,1.65127441802387,0.397602608973866,2.90494622707387,0.0157192541366032,1.22553352097,0.203376276504643,0.0295984136063513,0.377154139402936,0.769470016494445,-0.262053291381855,-0.485370583387076,-0.0387359993766346,0.0191389299908584,1.41569402073822,0.347619884872077,0.176100348349783,0.519139421394372,0.804866895082239,-0.217078362958942,-0.440236529262689,0.00607980334480502,0.0173297539209761,1.83104880032417,0.604888917616928,0.334883555689009,0.874894279544847,1.59605988513454,0.467538020337807,0.18880996946587,0.746266071209744,0.07327095733476,1.24956600423748,0.222796294417497,0.156258301254827,0.289334287580166,1.14750132173234,0.137586814788357,0.0383369607920557,0.236836668784659
"8","2",0.529572719882866,1.01553830706632,0.0154188236964188,-0.0412962430988432,0.072133890491681,0.671965693985855,-0.397547990378401,-0.477852500038931,-0.317243480717872,0.165790332636059,1.11855295436782,0.112035844920168,0.0634877689649834,0.160583920875352,0.974927577896538,-0.0253920898235912,-0.0935502314296006,0.0427660517824182,0.190599435423428,1.25413840386295,0.226448806027079,0.178791425065448,0.27410618698871,1.09848479676711,0.0939317727532231,0.0232904189986318,0.164573126507815,0.279015494314953,1.12937146664484,0.121661253766072,0.0750616131256962,0.168260894406447,3.9181341123984,1.36561554874724,1.29439580301097,1.43683529448352,0.0014941236943105,1.5246801477945,0.421784648909895,0.0853972151615013,0.758172082658288,6.72352031124326,1.90561187321026,0.560284876946695,3.25093886947382,0.0150847850775544,1.2426419403147,0.217239710141845,0.0431148365361738,0.391364583747517,0.795072917802511,-0.22932144802757,-0.454603546086323,-0.00403934996881745,0.0210063199601982,1.40911784923619,0.34296386975685,0.17403020226326,0.51189753725044,0.749342839419833,-0.288558670658636,-0.504899196020977,-0.072218145296295,0.0178333297982183,1.78986029594759,0.582137569850189,0.314292845763727,0.849982293936651,1.54271187940089,0.433541828402096,0.159460867726436,0.707622789077756,0.0752891021516274,1.22409851298817,0.202204665318895,0.135557340401919,0.268851990235871,1.12769641757459,0.120176983497122,0.0199503836408983,0.220403583353346
"8","3",0.549881654113918,1.00733822842893,0.00731143463019206,-0.0492965782115961,0.0639194474719803,0.649599551591829,-0.431399180418421,-0.51168576896444,-0.351112591872402,0.167149174031354,1.11801248108625,0.111552538432896,0.0630336558258411,0.160071421039951,0.964220114400687,-0.0364356759953861,-0.103948097613325,0.0310767456225529,0.200166532323903,1.24844929438222,0.221902216682852,0.174347853847089,0.269456579518614,1.05526698472819,0.053793801005274,-0.0160016080660392,0.123589210076587,0.284820308215914,1.18432273669363,0.169171080985098,0.122678153354162,0.215664008616034,3.70300069137304,1.30914348863765,1.23906282940135,1.37922414787396,0.000753907928547371,1.46525042662159,0.382026167533951,0.0547515793191469,0.709300755748755,14.3889342952617,2.66645945945365,0.637378930579418,4.69553998832788,0.0142186163704457,1.21293298897169,0.193041384389483,0.0176693627758039,0.368413406003163,0.852610819535203,-0.159452084683219,-0.390480787563422,0.0715766181969844,0.0215479288563858,1.45443011489464,0.374614150287382,0.204423986656194,0.54480431391857,0.71218276454509,-0.339420708733047,-0.553588320594702,-0.125253096871392,0.0163088908333841,1.82095988148184,0.599363769465901,0.33390592173777,0.864821617194032,1.72593277024175,0.545767640710124,0.262997085233538,0.828538196186709,0.0747625592238757,1.25791959804804,0.229459243714323,0.162395275238294,0.296523212190353,1.10960438945989,0.104003545904575,0.00561382535335595,0.202393266455794
"8","4",0.536060630533894,1.0184558479057,0.0182876056279476,-0.0381314058604556,0.0747066171163509,0.661936419993985,-0.412585769962644,-0.492565609031173,-0.332605930894116,0.166350787095431,1.12928388934048,0.121583705587534,0.0727687342560674,0.170398676919002,0.959819832627728,-0.0410096864794054,-0.108401672570843,0.0263822996120327,0.193279826239214,1.25877683116206,0.230140480543068,0.182568355989205,0.277712605096932,1.09019503501132,0.0863566114378221,0.0165169107738887,0.156196312101756,0.289144336589549,1.15269843126676,0.14210565570325,0.0955945307269497,0.18861678067955,3.73731066314365,1.31836627874295,1.24822647601216,1.38850608147373,0.0012010935278901,1.35011846098755,0.300192337480294,-0.0204385088100391,0.620823183770627,9.66847955468357,2.26887106387459,0.561063557653957,3.97667857009522,0.01531117198009,1.20624027534431,0.187508311747832,0.0182355690950181,0.356781054400646,0.85343923693958,-0.158480932088555,-0.381376428822109,0.0644145646449993,0.0222991255299984,1.39949258437287,0.336109731190392,0.166487618555496,0.505731843825288,0.697178539933047,-0.36071374616994,-0.570898289370393,-0.150529202969487,0.0159140980251702,1.83738511830424,0.608343429499606,0.334322286267137,0.882364572732075,1.69155495575183,0.525648198070499,0.238207429946602,0.813088966194396,0.0745800096699448,1.21712771392387,0.196493750096669,0.129620881221589,0.263366618971749,1.13837124639573,0.129598509564932,0.0294809493754594,0.229716069754405
"8","5",0.537195157177713,1.04128764846787,0.0404580708372209,-0.0158489940050994,0.0967651356795414,0.652264155886318,-0.42730565204049,-0.507663829696331,-0.34694747438465,0.163965132747314,1.09523563487638,0.0909695317859886,0.0421911713538543,0.139747892218123,0.991764655352804,-0.00826944243163765,-0.0761128207816393,0.0595739359183639,0.190274420523026,1.25901025475364,0.230325900186816,0.182917689448208,0.277734110925423,1.10327310386296,0.0982813105870014,0.0277732472553936,0.168789373918609,0.293254587641774,1.11347534391497,0.107486064600768,0.0611456538916375,0.153826475309898,3.70990393411083,1.31100598251343,1.24029466714891,1.38171729787795,0.00211890351124256,1.25696045847883,0.22869647205591,-0.0983255029536421,0.555718447065463,5.32660262848664,1.67271362941126,0.436214773446365,2.90921248537616,0.0144576079524064,1.24582463590168,0.219797668808284,0.0461252251168756,0.393470112499692,0.843596190375455,-0.170081346301115,-0.396747106431901,0.0565844138296714,0.0203688262601274,1.44455488293923,0.367801234622064,0.199529368110288,0.53607310113384,0.770627954545308,-0.26054957111103,-0.47760907714648,-0.0434900650755801,0.0162416927640145,1.81743449288811,0.597425887348544,0.32136495606556,0.873486818631527,1.59569271847505,0.467307948207094,0.17904294982213,0.755572946592058,0.0749204601110691,1.2165705957262,0.196035913391773,0.129537579688827,0.26253424709472,1.13777957530982,0.129078622136042,0.0287014711029244,0.22945577316916
"9","1",0.53953585211049,1.0034305809585,0.00342470993914967,-0.0526352818556265,0.0594847017339259,0.66252458125579,-0.411697618027764,-0.49122314390714,-0.332172092148388,0.16487467309289,1.12915421024666,0.121468865960988,0.0729128188345701,0.170024913087405,0.95521953557199,-0.0458140847397122,-0.113300166436854,0.02167199695743,0.193159169223996,1.28887017554627,0.253766001697974,0.206041007816467,0.301490995579482,1.06422778333897,0.0622494500926506,-0.00813325426512517,0.132632154450427,0.309754709587357,1.10275626377219,0.0978127401247902,0.0512305184528936,0.144394961796687,3.57034852506482,1.27266321709501,1.20269664569823,1.34262978849179,0.00121245285867572,1.44925665877213,0.371050775860328,0.0373139566563935,0.704787595064263,8.66486022914097,2.15927579252864,0.579846674462289,3.73870491059499,0.0157884545179454,1.20643806639116,0.187672271479947,0.0184874833621926,0.356857059597702,0.805059719582339,-0.216838818498636,-0.436380099791097,0.0027024627938262,0.0202700307339551,1.42683045464912,0.355455518996645,0.1840067284954,0.526904309497891,0.752254716477609,-0.284680293664307,-0.505469199246979,-0.0638913880816357,0.0151818806823384,1.7503823987698,0.559834277647552,0.285001464120399,0.834667091174705,1.86139282023667,0.621325035577481,0.320383053578052,0.92226701757691,0.0765098840187942,1.19666284832465,0.179536723011932,0.112572525625653,0.246500920398211,1.11900554774472,0.112440387087577,0.0139182760319421,0.210962498143212
"9","2",0.535133155910838,1.0289308536154,0.0285202569413795,-0.0281184963554514,0.0851590102382102,0.655913780971907,-0.421725930121181,-0.503420956134803,-0.340030904107559,0.169528386364492,1.11230695833002,0.106436199399583,0.0578257166973646,0.155046682101802,0.966645758780414,-0.0339231807574357,-0.101893674835502,0.0340473133206308,0.195911729891634,1.22672524399247,0.204348215627308,0.156843372814614,0.251853058440003,1.0882373308768,0.0845592596428312,0.0142915272961248,0.154826991989537,0.288341189600769,1.1506830262513,0.140355701935751,0.093983263478744,0.186728140392758,3.67550915089024,1.30169166752833,1.23150304673295,1.37188028832372,0.00224372903416199,1.14643982173278,0.13666133326208,-0.176977601472501,0.450300267996662,5.62107309032938,1.72652258701837,0.47023024210137,2.98281493193537,0.0145032103768392,1.26870774091042,0.237998855596439,0.062531472634704,0.413466238558173,0.829430428706473,-0.187016044229528,-0.415961639372017,0.0419295509129611,0.0185382009130472,1.49457946153667,0.401844870640342,0.227386935190183,0.5763028060905,0.793967950544909,-0.230712183102683,-0.456415486501767,-0.00500887970359824,0.0163405488333526,1.98797786991098,0.687117976336899,0.409619680394512,0.964616272279287,1.50311503671193,0.407539645907104,0.128860067585756,0.686219224228452,0.0746981541589011,1.23391323252163,0.210190609009128,0.143794831294429,0.276586386723828,1.13262013470787,0.124533651961299,0.0251340227656249,0.223933281156973
"9","3",0.533725416272766,0.996950834555203,-0.00305382362119535,-0.0596991950156418,0.0535915477732511,0.682309754828346,-0.382271538284583,-0.46205540423276,-0.302487672336406,0.166095240691996,1.11149205247388,0.105703304125638,0.0570558497852229,0.154350758466052,0.978293831174385,-0.021945213197037,-0.0895093227846548,0.0456188963905808,0.181924614397521,1.27948598206218,0.246458420764162,0.198908789615663,0.29400805191266,1.14213962893104,0.13290337077474,0.0621762781936178,0.203630463355863,0.282978902477332,1.14672380567038,0.136909012002195,0.0903871835716834,0.183430840432706,3.82180595428679,1.34072307380361,1.26930787425719,1.41213827335003,0.00184717867568877,1.40382535277431,0.339200905255324,0.00179076278981361,0.676611047720835,5.60510621317934,1.72367800606436,0.485581147072669,2.96177486505604,0.0141063058507858,1.17406641743153,0.160473293427083,-0.0103508166512444,0.331297403505411,0.929203039462624,-0.0734280070380431,-0.305906744901612,0.159050730825526,0.0215442061470613,1.49712652836283,0.403547623150221,0.237140811131454,0.569954435168988,0.723720193031854,-0.323350435009542,-0.530597618082021,-0.116103251937063,0.0173015124227374,1.79096266732004,0.582753278260562,0.316154776250961,0.849351780270163,1.61410821673077,0.478782616379994,0.198786837529369,0.758778395230618,0.0741790302336918,1.2564448901101,0.228286217198887,0.161317881103477,0.295254553294298,1.1262667137476,0.11890837000575,0.0186729909701314,0.219143749041369
"9","4",0.538213690033223,1.02235590826942,0.0221096779966203,-0.0341625586983669,0.0783819146916074,0.658699976319763,-0.417487119285449,-0.496893647285755,-0.338080591285142,0.166033090085258,1.12898854583089,0.121322139704975,0.0726484063106363,0.169995873099314,0.958464895258353,-0.042422341832392,-0.109808114579552,0.0249634309147677,0.196441381661395,1.23837683142007,0.213801515199697,0.166189536995289,0.261413493404104,1.08309082237536,0.0798188263450861,0.0100705832932473,0.149567069396925,0.279219907971648,1.19306450808374,0.176525213811302,0.130091496276243,0.222958931346361,3.8411723738082,1.34577762568256,1.27578990166263,1.41576534970249,0.00102556429577362,1.66120928366679,0.507545821289297,0.166064273467869,0.849027369110726,9.33833706707546,2.23412819217866,0.521816943880156,3.94643944047717,0.0154271795134462,1.21842476090941,0.197558844872132,0.0231152065500538,0.37200248319421,0.77663371232571,-0.252786452472618,-0.47578796199504,-0.0297849429501949,0.021368258075926,1.34016471843575,0.29279253061404,0.124288553738818,0.461296507489263,0.766058878940044,-0.266496246738567,-0.482918839003042,-0.0500736544740911,0.0173474958025129,1.79362323518118,0.584237727746264,0.309737222733508,0.85873823275902,1.50619603919317,0.409587293013068,0.130578280707301,0.688596305318835,0.0728278818721329,1.25333987459422,0.225811887811206,0.158667866319408,0.292955909303005,1.1444780769437,0.134948705088272,0.0353406242847057,0.234556785891839
"9","5",0.566009979555335,1.00649348471511,0.00647249286772466,-0.0500288564545546,0.062973842190004,0.626546707989087,-0.467531953571723,-0.548194276381426,-0.38686963076202,0.166515940642335,1.12294936976806,0.115958589938581,0.0673775916736168,0.164539588203545,0.974463712913877,-0.0258679973477529,-0.0936861370281383,0.0419501423326324,0.196384001182168,1.23959764934798,0.214786850630837,0.167532312889663,0.262041388372011,1.08527124957131,0.0818299553526213,0.0118399445074127,0.15181996619783,0.28363731691732,1.12138453984373,0.114564118134545,0.0682780633512333,0.160850172917856,3.93191480256684,1.36912653434082,1.29866232413823,1.43959074454341,0.00115002881277424,1.31531533124775,0.274076432509021,-0.0521679683848132,0.600320833402855,9.65342416936876,2.26731268861543,0.589507938344287,3.94511743888658,0.0151493066374129,1.2396980476309,0.214867839988497,0.039602371650529,0.390133308326465,0.781727382941269,-0.246249214381837,-0.471707455248092,-0.0207909735155813,0.0221681462758522,1.37970708354502,0.321871218338419,0.153008951030389,0.49073348564645,0.710153720372925,-0.342273824813656,-0.555313768003887,-0.129233881623426,0.0171304945821033,1.8057372337232,0.590968948131887,0.329102391175779,0.852835505087995,1.70418475052399,0.533086844198928,0.257762158389801,0.808411530008056,0.0748576668065573,1.22227222261394,0.200711604036787,0.134419054398055,0.267004153675518,1.13690504127174,0.128309694369272,0.027901243583939,0.228718145154605
"10","1",0.560209452741487,1.0087086404593,0.00867093897762696,-0.0479414242591268,0.0652833022143807,0.637475741622927,-0.450239055029758,-0.530394956177758,-0.370083153881758,0.163961883814448,1.13444576305559,0.126144217180555,0.0776339401034978,0.174654494257613,0.973084662786507,-0.0272841884678926,-0.0944830566729528,0.0399146797371676,0.197794918461182,1.23998823536231,0.215101891960895,0.16766856581053,0.26253521811126,1.08411748867761,0.0807662815332343,0.0114070446319426,0.150125518434526,0.307924922111078,1.11144094757589,0.105657324424045,0.0593414123551151,0.151973236492975,3.56202599548022,1.27032948284203,1.20106807520218,1.33959089048187,0.00105007251243467,1.51761268727223,0.417138499693489,0.0799430061158846,0.754333993271094,9.62721482677378,2.26459396557477,0.603490785789676,3.92569714535987,0.0144347591016917,1.22796957223765,0.20536205110986,0.0339160421273373,0.376808060092382,0.868548453050845,-0.140931905506719,-0.367013100020615,0.0851492890071763,0.0207098792140424,1.4149264553151,0.34707755470212,0.177772128673292,0.516382980730948,0.766874943901348,-0.26543153666924,-0.481410565900805,-0.0494525074376755,0.0170221136315559,1.78651516662167,0.580266888018017,0.307970858783821,0.852562917252212,1.59407540738335,0.466293886264983,0.182714347516855,0.749873425013112,0.0735793206822564,1.22622116381995,0.203937215877773,0.137420678903607,0.270453752851939,1.14945037151965,0.139283890317483,0.0405714594304226,0.237996321204543
"10","2",0.52472999855266,1.01077655535855,0.010718902118223,-0.0456404760364559,0.0670782802729018,0.680340909005193,-0.385161269666935,-0.464878763237423,-0.305443776096447,0.165333555321908,1.11887192149142,0.112320964773087,0.0636425394747618,0.160999390071411,0.976024655205656,-0.024267431406906,-0.0920827643478076,0.0435479015339956,0.18515721019272,1.27827366769684,0.24551047050915,0.19776312884419,0.29325781217411,1.11437474276428,0.108293478801167,0.0374414067426297,0.179145550859703,0.288572215122978,1.139567514933,0.130648817560523,0.08399983175849,0.177297803362556,3.75746637824547,1.32374489469956,1.25280493731049,1.39468485208863,0.00130464667353964,1.32362051191515,0.280370794010181,-0.047690875078039,0.608432463098402,8.55852928847694,2.14692836329845,0.609892162482422,3.68396456411447,0.0141520342721293,1.24001818429262,0.215126044261529,0.0415589409730453,0.388693147550012,0.872646923258071,-0.136224245663143,-0.36620532858931,0.0937568372630247,0.0204306558284296,1.4279668373524,0.356251640505155,0.18567826323698,0.526825017773331,0.748399731975601,-0.289818042712142,-0.507002304809936,-0.0726337806143485,0.0161371670734335,1.89996139546078,0.641833567787442,0.367041720276827,0.916625415298057,1.64207906119787,0.495963159199884,0.211596433359665,0.780329885040104,0.0749929548765699,1.23211152691765,0.208729386109672,0.141711414438882,0.275747357780461,1.12807703727885,0.120514446203816,0.020361125911444,0.220667766496187
"10","3",0.568721502552612,1.0205384897918,0.0203304191579769,-0.0359303468493825,0.0765911851653363,0.625423900279884,-0.469325618699028,-0.549572137634995,-0.38907909976306,0.169299755564503,1.11441226393805,0.108327148392442,0.0596407226310177,0.157013574153867,0.945682175550043,-0.0558487330287005,-0.124001458874874,0.0123039928174726,0.188695301974631,1.26339405525037,0.233801794113128,0.186134331145923,0.281469257080332,1.09609705609101,0.0917557394326436,0.0207943630072995,0.162717115857988,0.272469263262358,1.14913089396232,0.139005912275819,0.092392648534832,0.185619176016807,4.01266159971645,1.38945476171779,1.31798937904746,1.46092014438812,0.00185945184867951,1.37731708730671,0.320137467243854,-0.00690134620372389,0.647176280691431,5.93087269110811,1.78017136763011,0.466574165670273,3.09376856958995,0.0158872651701151,1.25745844375916,0.229092575733302,0.0548201015159888,0.403365049950616,0.740815645936506,-0.300003475548541,-0.5221430425635,-0.0778639085335812,0.0215693301208777,1.44197046985497,0.366010560050413,0.196604435645154,0.535416684455672,0.707674824078439,-0.345770578818271,-0.559065800579605,-0.132475357056937,0.0171205819544922,1.79435039334969,0.584643058584083,0.317124968573326,0.85216114859484,1.62716273577464,0.486837845223138,0.208358714455831,0.765316975990446,0.0757919298533253,1.24494817267631,0.219093900677741,0.152457193900438,0.285730607455045,1.1101401648723,0.104486282011997,0.00447586893656381,0.204496695087429
"10","4",0.533299753509128,1.02711429630114,0.0267532161864573,-0.0294365785756407,0.0829430109485551,0.661425511783159,-0.413357906781668,-0.49330690355976,-0.333408910003575,0.166810686537506,1.11689445869213,0.11055202922378,0.0620600045807735,0.159044053866785,0.979190628667323,-0.0210289376668047,-0.0879709230902235,0.0459130477566141,0.196866087895725,1.25846441733994,0.229892261327757,0.182486927829688,0.277297594825827,1.07030099880376,0.0679399162075678,-0.00146126332812924,0.137341095743265,0.289880498763956,1.15141054227657,0.140987749268178,0.0946351187519636,0.187340379784392,3.70867463057544,1.31067457036057,1.24098320699623,1.3803659337249,0.00208333188977214,1.25290048177243,0.225461248795139,-0.100014502672856,0.550937000263133,5.46152966210778,1.69772890841512,0.469715143953974,2.92574267287626,0.0144804667761256,1.23176924911144,0.20845154976975,0.0327325340522257,0.384170565487275,0.830698971832195,-0.185487797850415,-0.412000835315883,0.0410252396150527,0.0201252109585951,1.42768949481298,0.356057399666598,0.186087555801546,0.526027243531651,0.774746905426106,-0.255218876609309,-0.473801441692388,-0.0366363115262295,0.0163985027808099,1.82621662744147,0.602246410098674,0.335904535085952,0.868588285111396,1.72162052135636,0.543266010847114,0.262580081892679,0.823951939801549,0.0764259981422289,1.22071125715884,0.199433686539228,0.132674672457945,0.266192700620512,1.10383862682211,0.0987937658140491,0.000751979153228496,0.19683555247487
"10","5",0.526843381337366,0.992194969829407,-0.0078356488424046,-0.0642212087467778,0.0485499110619687,0.680977974448397,-0.384225316309565,-0.464495664181078,-0.303954968438053,0.168059222788659,1.11828874838196,0.11179961364215,0.0632091041668334,0.160390123117466,0.957565978740936,-0.0433606530000961,-0.111316875777149,0.0245955697769574,0.194288408249566,1.23405970645701,0.210309308799748,0.162884200021456,0.25773441757804,1.10135725940241,0.0965432913936399,0.0258878870786813,0.167198695708598,0.284456873567763,1.16243435646233,0.150516389325734,0.104232665076408,0.196800113575061,3.80733983956202,1.33693074044073,1.26617291083246,1.40768857004901,0.00175040316760452,1.51694224969261,0.416696630882772,0.0808947617731348,0.752498499992409,5.76813629540722,1.7523490292817,0.511185083299502,2.9935129752639,0.0159487604788881,1.16386956694373,0.151750287140247,-0.018668134219478,0.322168708499972,0.808489368639672,-0.21258774953854,-0.436575907714183,0.0114004086371017,0.0212365410144983,1.43155723660697,0.35876282841509,0.189338381030903,0.528187275799277,0.736620778892688,-0.305682066174518,-0.521236653322415,-0.0901274790266208,0.0169360183596695,1.77178531797298,0.571987692457894,0.300285902779627,0.843689482136161,1.57700475835352,0.455527325321635,0.171242017960669,0.739812632682601,0.0724547067554026,1.2358325806316,0.211744897297541,0.145088105168961,0.278401689426121,1.1672023077779,0.15460969541597,0.0531948144166606,0.256024576415279
"mean","",0.542477,1.011539,0.011384,-0.045048,0.067816,0.657109,-0.420113,-0.500304,-0.339923,0.166588,1.120983,0.114134,0.065523,0.162744,0.966868,-0.033826,-0.101473,0.033821,0.192663,1.254518,0.226684,0.179145,0.274223,1.092944,0.088649,0.018417,0.158882,0.288635,1.142935,0.133198,0.086755,0.179641,3.767947,1.326207,1.25579,1.396623,0.001496,1.3958,0.330972,0.000508,0.661436,8.378402,2.034741,0.484613,3.584869,0.014982,1.224198,0.201769,0.028598,0.37494,0.823171,-0.195728,-0.421555,0.0301,0.02083,1.427427,0.355504,0.185676,0.525333,0.74695,-0.292847,-0.509101,-0.076593,0.016745,1.81903,0.597211,0.326534,0.867889,1.633031,0.488684,0.206314,0.771055,0.074606,1.232611,0.209053,0.142314,0.275793,1.132115,0.123901,0.024241,0.223562
"sd","",0.010663,0.013591,0.013471,0.013491,0.013457,0.01354,0.020592,0.020737,0.020463,0.002715,0.013641,0.012206,0.012155,0.012258,0.015943,0.016455,0.016353,0.016564,0.004208,0.014739,0.011744,0.011705,0.011783,0.023367,0.021528,0.02121,0.021852,0.008617,0.032732,0.028649,0.028687,0.028612,0.097085,0.025673,0.02538,0.025974,0.000465,0.099434,0.071484,0.068584,0.074682,4.736092,0.385744,0.175817,0.871585,0.000639,0.039735,0.032513,0.031835,0.033302,0.039807,0.048053,0.044605,0.051667,0.00096,0.039236,0.027438,0.026895,0.028097,0.035474,0.04699,0.043609,0.050532,0.001035,0.085731,0.047257,0.044698,0.05027,0.098325,0.059641,0.054395,0.065227,0.001501,0.015895,0.012883,0.012732,0.013038,0.022079,0.019507,0.018869,0.020166
"full_model","",0.542255,1.011402,0.011337,-0.039095,0.061769,0.657065,-0.419972,-0.491602,-0.348341,0.166522,1.120933,0.114161,0.070729,0.157593,0.966943,-0.033616,-0.094106,0.026873,0.192677,1.254515,0.226749,0.184246,0.269253,1.092245,0.088236,0.02544,0.151031,0.288523,1.142481,0.133202,0.091663,0.174741,3.765368,1.325846,1.262869,1.388822,0.001429,1.367091,0.312685,0.017007,0.608363,7.571179,2.024349,0.694525,3.354172,0.014918,1.226665,0.204299,0.049221,0.359378,0.824965,-0.192415,-0.394618,0.009789,0.020711,1.425888,0.354795,0.203008,0.506581,0.751431,-0.285776,-0.47948,-0.092072,0.016558,1.832796,0.605843,0.363325,0.84836,1.637345,0.493076,0.240349,0.745804,0.074612,1.232675,0.209187,0.149486,0.268888,1.131481,0.123527,0.034442,0.212612
